"time","health"
5,38.4573054
10,38.4573054
15,38.5307526
20,34.4090335
25,34.4090335
30,34.4090335
35,34.4090335
40,34.4090335
45,34.4090335
50,34.4090335
55,34.4090335
60,34.4090335
65,34.4090335
70,34.4090335
75,33.4545936
80,33.4545936
85,33.0637741
90,33.0637741
95,33.0637741
100,33.0637741
105,33.0637741
110,33.0637741
115,45.8763412
120,45.8763412
125,35.8134991
130,35.8134991
135,35.8134991
140,37.1622733
145,37.1622733
150,37.1622733
155,35.837527
160,38.48201
165,38.48201
170,41.2979405
175,41.2979405
180,31.7794682
185,31.7794682
190,31.7794682
195,43.9136183
200,35.8696753
205,45.3262447
210,45.3262447
215,45.3262447
220,33.5874288
225,33.5874288
230,33.5874288
235,33.5874288
240,33.5874288
245,33.5874288
250,33.5874288
255,49.4018472
260,49.4018472
265,49.4018472
270,49.4018472
275,49.4018472
280,37.184463
285,35.8061059
290,39.8964241
295,39.9311378
300,39.9311378
305,39.9311378
310,38.6676076
315,38.6676076
320,38.6676076
325,38.6676076
330,38.6676076
335,33.1528056
340,33.1528056
345,33.1528056
350,41.2336338
355,41.2336338
360,41.2336338
365,41.2336338
370,41.2336338
375,41.2336338
380,41.2336338
385,41.2336338
390,41.2336338
395,42.6226262
400,42.6226262
405,42.6226262
410,38.4672034
415,41.1485918
420,34.4782387
425,35.7798459
430,35.7798459
435,33.1412512
440,41.4150399
445,42.7810245
450,44.0116186
455,44.0116186
460,44.0116186
465,44.0116186
470,44.0116186
475,44.0116186
480,44.0116186
485,44.0116186
490,44.0116186
495,44.0116186
500,44.0116186
505,41.3529552
510,41.3529552
515,34.6259916
520,46.8787056
525,46.8787056
530,46.8787056
535,44.109023
540,44.109023
545,44.109023
550,41.4397344
555,41.520393
560,41.4850329
565,41.4850329
570,41.4850329
575,36.0865829
580,36.0865829
585,36.0865829
590,36.0865829
595,36.0865829
600,36.0865829
605,36.0865829
610,36.0865829
615,36.0865829
620,36.0865829
625,36.0865829
630,36.0865829
635,36.0865829
640,37.6580823
645,37.6580823
650,37.6580823
655,37.6580823
660,37.2000776
665,43.8277784
670,43.8277784
675,43.8277784
680,42.4559964
685,39.8710125
690,39.8710125
695,39.8710125
700,39.8710125
705,39.8710125
710,30.285557
715,39.8371472
720,39.8371472
725,42.6151522
730,42.6151522
735,42.6151522
740,38.4282982
745,38.4282982
750,38.4282982
755,37.1572738
760,37.1572738
765,36.3968347
770,36.4098839
775,36.4098839
780,36.4098839
785,36.4098839
790,36.4098839
795,41.9007489
800,41.9007489
805,41.9007489
810,41.9007489
815,34.3332835
820,34.3332835
825,34.3332835
830,41.1255739
835,37.0765344
840,37.0765344
845,37.0765344
850,37.0765344
855,37.0765344
860,37.0765344
865,37.0765344
870,37.7173188
875,37.7173188
880,37.7173188
885,37.7173188
890,37.7173188
895,37.7173188
900,37.7173188
905,37.7173188
910,37.7173188
915,37.7173188
920,37.7173188
925,37.7173188
930,37.7173188
935,37.7173188
940,37.7173188
945,37.7173188
950,37.7173188
955,37.7173188
960,37.7173188
965,37.7173188
970,38.4894638
975,38.4894638
980,38.4894638
985,38.4894638
990,42.6367561
995,42.6367561
1000,42.6367561
1005,42.6367561
1010,35.8473947
1015,35.8473947
1020,35.8473947
1025,35.8473947
1030,35.8473947
1035,35.8473947
1040,35.8473947
1045,33.4431604
1050,33.4431604
1055,33.4431604
1060,33.4431604
1065,33.4431604
1070,33.4431604
1075,33.4431604
1080,33.4431604
1085,33.4431604
1090,33.4431604
1095,33.4431604
1100,33.4431604
1105,33.4431604
1110,33.4431604
1115,46.9125103
1120,46.9125103
1125,46.9125103
1130,46.9125103
1135,35.9447688
1140,35.9447688
1145,35.9447688
1150,35.9447688
1155,34.5748654
1160,34.5748654
1165,33.2888526
1170,39.9994643
1175,39.9994643
1180,39.9994643
1185,37.3197121
1190,37.3197121
1195,37.3197121
1200,37.3197121
1205,37.3197121
1210,37.3197121
1215,37.3197121
1220,37.3197121
1225,37.3197121
1230,37.3197121
1235,37.3197121
1240,37.3197121
1245,37.3197121
1250,49.4991001
1255,49.4991001
1260,38.6510335
1265,38.6510335
1270,38.6510335
1275,38.6510335
1280,35.9216196
1285,35.9216196
1290,35.9216196
1295,35.9216196
1300,37.2942399
1305,38.8639011
1310,38.8639011
1315,38.8639011
1320,38.8639011
1325,38.8639011
1330,38.8639011
1335,38.8639011
1340,38.8639011
1345,38.8639011
1350,38.6321364
1355,41.4669741
1360,41.4669741
1365,41.4669741
1370,41.4669741
1375,46.8539505
1380,46.8539505
1385,46.8539505
1390,46.8539505
1395,46.8539505
1400,46.8539505
1405,46.8539505
1410,46.8539505
1415,46.8539505
1420,46.8539505
1425,46.8539505
1430,46.8539505
1435,46.8539505
1440,46.8539505
1445,46.8539505
1450,46.8539505
1455,46.8539505
1460,46.8539505
1465,46.8539505
1470,46.8539505
1475,46.8539505
1480,46.8539505
1485,46.8539505
1490,46.8539505
1495,46.8539505
1500,46.8539505
1505,46.8539505
1510,46.8539505
1515,46.8539505
1520,46.8539505
1525,46.8539505
1530,46.8539505
1535,46.8539505
1540,46.8539505
1545,46.8539505
1550,46.8539505
1555,46.8539505
1560,46.8539505
1565,46.8539505
1570,46.8539505
1575,37.4574761
1580,37.4574761
1585,37.4574761
1590,37.4574761
1595,37.4574761
1600,37.4574761
1605,46.9520417
1610,42.8657938
1615,42.8657938
1620,37.4723837
1625,40.1884151
1630,40.1884151
1635,40.1884151
1640,40.1884151
1645,36.0271646
1650,36.0271646
1655,34.7512316
1660,34.7512316
1665,34.7512316
1670,34.7512316
1675,41.5495416
1680,37.4425382
1685,37.4425382
1690,37.4425382
1695,37.4425382
1700,37.4425382
1705,37.4425382
1710,37.4425382
1715,37.4425382
1720,37.4425382
1725,37.4425382
1730,37.4425382
1735,37.4425382
1740,37.4425382
1745,37.4425382
1750,37.4425382
1755,37.4425382
1760,36.0592523
1765,36.0592523
1770,36.0592523
1775,36.0592523
1780,36.0592523
1785,36.0592523
1790,36.0592523
1795,36.0592523
1800,36.0592523
1805,36.0592523
1810,36.0592523
1815,36.0592523
1820,36.0592523
1825,36.0592523
1830,36.0592523
1835,36.0592523
1840,36.0592523
1845,36.0592523
1850,36.0592523
1855,36.0592523
1860,36.0592523
1865,36.0592523
1870,36.0592523
1875,36.0592523
1880,36.0592523
1885,36.0592523
1890,36.0592523
1895,36.0592523
1900,36.0592523
1905,36.0592523
1910,36.0592523
1915,36.0592523
1920,36.0592523
1925,36.0592523
1930,36.0592523
1935,36.0592523
1940,36.0592523
1945,36.0592523
1950,36.0592523
1955,36.0592523
1960,36.0592523
1965,31.9987594
1970,31.9987594
1975,40.1611754
1980,38.6757482
1985,38.6757482
1990,38.6757482
1995,38.6757482
2000,38.6757482
2005,38.6757482
2010,38.6757482
2015,38.6757482
2020,38.6757482
2025,38.6757482
2030,38.6757482
2035,38.6757482
2040,38.6757482
2045,38.6757482
2050,38.6757482
2055,38.6757482
2060,38.6757482
2065,38.6757482
2070,38.6757482
2075,44.1650982
2080,44.1650982
2085,44.1650982
2090,44.1650982
2095,39.8882431
2100,49.5997264
2105,32.1092938
2110,44.0249203
2115,44.0249203
2120,44.0249203
2125,42.6217172
2130,42.6779136
2135,38.5438321
2140,37.122651
2145,42.6556128
2150,37.1530116
2155,32.1184242
2160,32.1184242
2165,35.8837547
2170,42.6342008
2175,42.6342008
2180,42.6342008
2185,42.6342008
2190,49.4470447
2195,40.3261589
2200,40.3261589
2205,40.3261589
2210,41.2921532
2215,41.2921532
2220,41.2921532
2225,41.2921532
2230,41.2921532
2235,41.2921532
2240,50.7801639
2245,38.5158147
2250,45.3156397
2255,43.763502
2260,39.79501
2265,41.2162012
2270,38.9669716
2275,49.4150984
2280,46.6428605
2285,48.1201774
2290,41.2864063
2295,41.1899614
2300,42.7224445
2305,36.2095403
2310,41.3523896
2315,44.0588462
2320,54.914912
2325,49.4298848
2330,39.897323
2335,34.513013
2340,34.513013
2345,34.513013
2350,34.513013
2355,41.3870427
2360,41.3870427
2365,41.3870427
2370,41.3870427
2375,41.3870427
2380,41.3870427
2385,41.3870427
2390,41.3870427
2395,41.3870427
2400,41.3870427
2405,41.3870427
2410,41.3870427
2415,41.3870427
2420,41.3870427
2425,41.3870427
2430,41.3870427
2435,41.3870427
2440,41.3870427
2445,41.3870427
2450,41.3870427
2455,41.3870427
2460,41.3870427
2465,41.3870427
2470,41.3870427
2475,41.3870427
2480,41.3870427
2485,41.3870427
2490,41.3870427
2495,41.3870427
2500,41.3870427
2505,41.3870427
2510,41.3870427
2515,41.3870427
2520,41.3870427
2525,41.3870427
2530,34.6374753
2535,45.5457985
2540,46.9481027
2545,46.9481027
2550,46.9481027
2555,46.9481027
2560,46.9481027
2565,46.9481027
2570,46.9481027
2575,46.9481027
2580,46.9481027
2585,46.9481027
2590,46.9481027
2595,46.9481027
2600,46.9481027
2605,46.9481027
2610,46.9481027
2615,46.9481027
2620,46.9481027
2625,46.9481027
2630,54.9849858
2635,39.9888189
2640,39.9715479
2645,39.9715479
2650,39.9715479
2655,39.9715479
2660,39.9715479
2665,39.9821731
2670,37.3075618
2675,51.1249274
2680,51.1249274
2685,50.8848908
2690,48.1679302
2695,46.7970875
2700,46.7970875
2705,44.0694714
2710,44.0694714
2715,44.0694714
2720,36.2614644
2725,36.2614644
2730,36.2614644
2735,36.2614644
2740,36.2614644
2745,49.3984536
2750,49.3984536
2755,49.3984536
2760,36.3052378
2765,36.3052378
2770,50.8683571
2775,50.8683571
2780,50.8683571
2785,50.8683571
2790,50.8683571
2795,50.8683571
2800,50.8683571
2805,48.1183998
2810,48.1183998
2815,48.1183998
2820,40.2362689
2825,48.2140973
2830,46.8901489
2835,41.3062124
2840,41.3062124
2845,41.3062124
2850,41.3062124
2855,41.3062124
2860,41.3062124
2865,41.3062124
2870,41.3062124
2875,41.3062124
2880,41.3062124
2885,41.3062124
2890,38.4233795
2895,37.089725
2900,41.1213016
2905,41.1213016
2910,41.1213016
2915,41.1213016
2920,41.1213016
2925,49.3497514
2930,40.5843755
2935,49.325976
2940,41.1625803
2945,42.4675104
2950,42.4675104
2955,42.4675104
2960,49.2087958
2965,49.2087958
2970,49.2087958
2975,49.2087958
2980,49.2087958
2985,49.2087958
2990,49.2087958
2995,45.1663415
3000,50.4790627
3005,41.0916985
3010,41.0916985
3015,41.0916985
3020,41.0916985
3025,43.7131838
3030,43.7131838
3035,43.7131838
3040,43.7131838
3045,43.7131838
3050,39.7264411
3055,39.7264411
3060,45.0963182
3065,45.0963182
3070,45.0963182
3075,38.3814948
3080,38.3814948
3085,45.1004087
3090,39.7151695
3095,39.7151695
3100,39.7151695
3105,36.5310536
3110,49.3183909
3115,46.617257
3120,46.617257
3125,46.617257
3130,46.617257
3135,46.617257
3140,46.617257
3145,46.617257
3150,46.617257
3155,45.2561709
3160,45.2561709
3165,39.6845766
3170,49.2699917
3175,49.2699917
3180,41.2212815
3185,42.505547
3190,42.505547
3195,37.7677279
3200,51.292345
3205,41.2566012
3210,41.0694583
3215,46.7235797
3220,46.7235797
3225,46.7235797
3230,40.4738613
3235,40.4738613
3240,45.3015805
3245,45.3674325
3250,45.3674325
3255,45.3674325
3260,45.3674325
3265,45.3674325
3270,45.3674325
3275,45.3674325
3280,45.3674325
3285,45.3674325
3290,45.3674325
3295,45.3674325
3300,45.3674325
3305,45.3674325
3310,45.3674325
3315,45.3674325
3320,45.3674325
3325,45.3674325
3330,45.3674325
3335,42.5980226
3340,45.1903088
3345,45.1903088
3350,45.3915513
3355,45.3915513
3360,45.3915513
3365,45.3295777
3370,45.3295777
3375,46.6979358
3380,46.6979358
3385,54.8381621
3390,54.8381621
3395,54.8381621
3400,42.613617
3405,42.613617
3410,42.613617
3415,45.3593424
3420,45.3593424
3425,45.3593424
3430,39.9029386
3435,43.976107
3440,43.976107
3445,56.1886533
3450,48.0896047
3455,43.0531791
3460,39.7908286
3465,54.7623414
3470,42.6366147
3475,42.6366147
3480,42.6366147
3485,42.6366147
3490,47.9946647
3495,47.9946647
3500,47.9946647
3505,50.79088
3510,53.5120422
3515,49.3250266
3520,39.8361473
3525,45.7140241
3530,45.7140241
3535,45.7140241
3540,45.7140241
3545,45.7140241
3550,45.7140241
3555,45.2413946
3560,45.2413946
3565,45.2413946
3570,45.2413946
3575,45.2413946
3580,45.2413946
3585,45.2413946
3590,56.2660496
3595,43.9861464
3600,39.8362281
3605,39.8362281
3610,37.6785853
3615,45.3179728
3620,45.3179728
3625,43.9943779
3630,42.6044159
3635,46.7845736
3640,48.0696572
3645,45.3189323
3650,46.6791397
3655,46.8136212
3660,50.8792045
3665,50.7446927
3670,49.4380254
3675,46.7648887
3680,49.4653055
3685,50.8154836
3690,42.6168692
3695,54.9182753
3700,48.1391048
3705,53.5549672
3710,53.5549672
3715,56.1794926
3720,42.522818
3725,42.5756309
3730,42.5756309
3735,41.8809832
3740,52.0683886
3745,52.0683886
3750,48.078121
3755,50.7315425
3760,50.7315425
3765,50.7315425
3770,50.7315425
3775,50.7315425
3780,50.7315425
3785,50.7315425
3790,50.7315425
3795,50.7315425
3800,50.7315425
3805,50.7315425
3810,50.7315425
3815,52.2689241
3820,52.2689241
3825,52.2689241
3830,52.2689241
3835,52.2689241
3840,52.2689241
3845,52.2227368
3850,45.435961
3855,46.7062683
3860,46.7062683
3865,46.760677
3870,44.363038
3875,37.6480429
3880,41.1807502
3885,45.3007725
3890,45.3559589
3895,39.9120589
3900,39.9120589
3905,45.3354357
3910,41.8085056
3915,41.8085056
3920,41.8085056
3925,47.2111774
3930,47.2111774
3935,47.2111774
3940,44.0594926
3945,49.5329452
3950,49.5329452
3955,53.5576134
3960,53.5576134
3965,53.5576134
3970,53.5576134
3975,53.5576134
3980,46.8572128
3985,46.8572128
3990,49.5328543
3995,48.1192583
4000,48.3634359
4005,48.3634359
4010,48.1489321
4015,44.0562606
4020,52.2977293
4025,52.2977293
4030,48.1554365
4035,48.1554365
4040,48.1554365
4045,50.9409862
4050,48.0954021
4055,53.6802577
4060,49.5691739
4065,44.305367
4070,44.3811877
4075,44.3532612
4080,50.9482784
4085,42.7983056
4090,42.8205458
4095,42.8205458
4100,48.2701826
4105,48.2701826
4110,51.0201702
4115,49.6995043
4120,47.0685856
4125,45.4953288
4130,46.8828971
4135,38.6609921
4140,38.6609921
4145,49.5716585
4150,56.4045307
4155,56.4045307
4160,56.4045307
4165,56.4045307
4170,45.4714322
4175,45.4714322
4180,45.4714322
4185,45.4714322
4190,45.4714322
4195,46.7548897
4200,46.7548897
4205,46.7548897
4210,45.3462225
4215,53.6770156
4220,44.057008
4225,50.7843049
4230,48.0648092
4235,48.520299
4240,48.520299
4245,52.116404
4250,52.116404
4255,45.3377688
4260,45.3377688
4265,46.7154593
4270,44.0331013
4275,49.3959993
4280,46.7467895
4285,46.7467895
4290,45.3344964
4295,47.1477292
4300,43.1298583
4305,46.5924413
4310,46.5924413
4315,48.0392057
4320,49.4041601
4325,47.2250952
4330,45.2834914
4335,50.7495609
4340,46.6420121
4345,49.3613058
4350,52.1148082
4355,44.4538168
4360,48.0243991
4365,56.1728266
4370,46.5766651
4375,46.5766651
4380,57.5883214
4385,46.7516981
4390,53.5853783
4395,49.5378538
4400,50.8089287
4405,47.9906348
4410,47.9906348
4415,47.9906348
4420,46.6708779
4425,46.6708779
4430,46.6708779
4435,46.6708779
4440,53.4526946
4445,43.1077393
4450,43.1077393
4455,43.1077393
4460,43.1077393
4465,43.1077393
4470,43.1077393
4475,43.1077393
4480,45.2594029
4485,45.2594029
4490,43.997721
4495,48.080545
4500,49.3646388
4505,49.3646388
4510,49.3646388
4515,53.4286768
4520,53.4286768
4525,45.254565
4530,45.3130541
4535,46.7219233
4540,46.7219233
4545,48.5910091
4550,48.5910091
4555,46.658364
4560,46.658364
4565,43.1530277
4570,43.1530277
4575,56.7518495
4580,43.9300611
4585,45.2437378
4590,46.6064197
4595,39.9161999
4600,44.0249203
4605,45.320619
4610,44.0917924
4615,56.2422338
4620,45.3080344
4625,45.3080344
4630,56.2900472
4635,38.9605076
4640,46.7582227
4645,46.7582227
4650,46.8125405
4655,46.8125405
4660,51.3499756
4665,51.3499756
4670,49.4322078
4675,49.4322078
4680,49.4322078
4685,49.4322078
4690,49.4322078
4695,49.4322078
4700,53.5714605
4705,53.5714605
4710,53.5714605
4715,42.9708136
4720,42.9708136
4725,45.479694
4730,45.479694
4735,55.3480707
4740,56.3213673
4745,56.3213673
4750,50.9003741
4755,50.9003741
4760,50.9003741
4765,40.2279869
4770,40.2279869
4775,46.7945019
4780,46.7945019
4785,46.7945019
4790,48.1152789
4795,46.7278318
4800,42.7231414
4805,45.3650691
4810,52.6047996
4815,48.0343375
4820,48.0343375
4825,48.0343375
4830,45.2240125
4835,53.4790556
4840,56.1803309
4845,44.607256
4850,44.607256
4855,44.607256
4860,44.607256
4865,44.607256
4870,45.8014093
4875,45.8014093
4880,45.8014093
4885,45.8014093
4890,44.1040033
4895,44.1040033
4900,45.3616654
4905,53.5401707
4910,61.6112019
4915,53.3603604
4920,54.8267592
4925,54.8804104
4930,54.8804104
4935,43.8697439
4940,39.8699621
4945,54.0598258
4950,54.0598258
4955,54.0598258
4960,54.0598258
4965,53.6250814
4970,48.0755859
4975,48.014592
4980,48.014592
4985,48.014592
4990,48.014592
4995,58.9212386
5000,58.9212386
5005,58.9212386
5010,58.9212386
5015,58.9212386
5020,58.9212386
5025,50.8362492
5030,50.8362492
5035,50.8362492
5040,50.8362492
5045,50.8362492
5050,50.8362492
5055,43.2123753
5060,43.2123753
5065,43.2123753
5070,43.2123753
5075,43.2123753
5080,43.2123753
5085,48.601907
5090,48.601907
5095,50.6926979
5100,46.6427898
5105,45.8904812
5110,49.301938
5115,46.6370833
5120,46.6370833
5125,52.0859121
5130,60.2756082
5135,60.2756082
5140,60.2756082
5145,60.2756082
5150,53.5128098
5155,53.5128098
5160,52.0512489
5165,50.8327445
5170,43.8804802
5175,43.9324043
5180,43.9324043
5185,48.1481544
5190,52.1856496
5195,52.1856496
5200,52.1856496
5205,46.6989155
5210,54.9289308
5215,49.4989789
5220,49.4989789
5225,49.4989789
5230,49.4989789
5235,52.5503808
5240,52.5503808
5245,52.5503808
5250,52.5503808
5255,53.5195263
5260,48.0541032
5265,43.1348679
5270,43.1348679
5275,61.7231099
5280,53.5655015
5285,49.5119877
5290,46.7838262
5295,54.8704619
5300,52.1856193
5305,50.8749221
5310,61.66454
5315,53.4436652
5320,45.3460306
5325,49.5139673
5330,56.2528691
5335,50.7843049
5340,53.5416655
5345,53.5416655
5350,49.503938
5355,56.2858254
5360,43.0533104
5365,58.9565078
5370,58.9565078
5375,58.9565078
5380,58.9565078
5385,49.551004
5390,52.1395027
5395,45.3725027
5400,58.8831313
5405,44.0562
5410,55.3926016
5415,55.3926016
5420,55.3926016
5425,55.3926016
5430,55.3926016
5435,52.2136165
5440,52.2136165
5445,53.452836
5450,53.452836
5455,53.452836
5460,49.3985243
5465,53.4882163
5470,53.4882163
5475,53.4882163
5480,50.7618324
5485,50.7618324
5490,50.7618324
5495,50.7339059
5500,45.2198816
5505,45.2198816
5510,46.5908253
5515,46.5908253
5520,46.5445269
5525,44.4975801
5530,45.8188116
5535,47.9937961
5540,43.9811873
5545,43.9811873
5550,43.9811873
5555,43.9811873
5560,43.9811873
5565,49.3670123
5570,49.3670123
5575,53.4551287
5580,49.3424188
5585,49.3424188
5590,57.5767367
5595,57.5767367
5600,57.5767367
5605,57.5767367
5610,57.5767367
5615,57.5767367
5620,52.2706916
5625,54.847343
5630,54.847343
5635,49.3340964
5640,42.4394728
5645,53.3396453
5650,44.5091345
5655,56.0252353
5660,50.667054
5665,54.8103063
5670,46.5982084
5675,53.4649358
5680,56.1250536
5685,56.1250536
5690,45.8691096
5695,50.6027776
5700,50.6787094
5705,50.6787094
5710,45.1711996
5715,50.6819818
5720,53.4955792
5725,54.8202043
5730,49.9742849
5735,49.9742849
5740,49.9742849
5745,49.9742849
5750,49.9742849
5755,49.9742849
5760,47.9106933
5765,47.9106933
5770,47.9106933
5775,47.9106933
5780,56.1431427
5785,53.4311917
5790,54.7953886
5795,54.7953886
5800,54.7953886
5805,54.7953886
5810,53.3487858
5815,53.4163245
5820,53.4699252
5825,53.4739955
5830,53.4739955
5835,53.4739955
5840,56.1975817
5845,54.6477165
5850,54.754928
5855,54.754928
5860,54.754928
5865,54.754928
5870,54.754928
5875,60.1872938
5880,60.1872938
5885,45.154676
5890,45.154676
5895,45.154676
5900,45.154676
5905,45.154676
5910,45.154676
5915,60.2589937
5920,60.3077666
5925,54.9141444
5930,64.3368889
5935,54.7986711
5940,58.8979581
5945,50.7587216
5950,53.4765912
5955,52.6271711
5960,72.6370992
5965,60.31922
5970,58.9861816
5975,68.5112391
5980,64.7552208
5985,60.4395817
5990,56.2768263
5995,64.4919239
6000,60.3843549
6005,60.3843549
6010,52.4836501
6015,57.6955632
6020,57.6955632
6025,64.3056597
6030,63.0732981
6035,54.9180834
6040,67.1950475
6045,60.3365415
6050,65.7655743
6055,57.6335997
6060,64.520012
6065,59.0265311
6070,59.0265311
6075,59.0265311
6080,59.0265311
6085,59.0265311
6090,58.9095327
6095,64.3525136
6100,67.1686562
6105,67.1686562
6110,64.3096088
6115,54.8423132
6120,64.4458073
6125,62.9972855
6130,57.7013
6135,56.3262052
6140,61.6406838
6145,53.9220719
6150,51.1835579
6155,65.8546765
6160,64.4021753
6165,48.0812116
6170,56.3336792
6175,64.4936914
6180,61.7784882
6185,61.7272509
6190,65.8117818
6195,59.0009579
6200,59.0009579
6205,59.0009579
6210,59.0009579
6215,59.0009579
6220,59.0009579
6225,58.9935546
6230,58.9935546
6235,54.9469088
6240,54.9469088
6245,54.9469088
6250,54.9469088
6255,54.9469088
6260,54.9463533
6265,50.8888702
6270,57.7011485
6275,55.2796331
6280,60.3811027
6285,50.8007174
6290,54.9164674
6295,54.9164674
6300,60.321644
6305,52.2054052
6310,52.2054052
6315,60.353863
6320,60.353863
6325,54.9214669
6330,57.6459217
6335,60.2976969
6340,57.6493153
6345,75.2716741
6350,75.2716741
6355,75.2716741
6360,53.6051036
6365,53.6051036
6370,53.6051036
6375,53.6051036
6380,53.6051036
6385,53.6051036
6390,52.2308269
6395,52.2308269
6400,52.2308269
6405,60.4271991
6410,64.4547155
6415,55.2441619
6420,63.0963362
6425,63.0963362
6430,67.1949869
6435,67.1949869
6440,67.1949869
6445,55.0996612
6450,65.8718465
6455,70.0282389
6460,70.0282389
6465,70.0282389
6470,70.0282389
6475,60.4544388
6480,60.4544388
6485,60.4544388
6490,60.4544388
6495,60.4544388
6500,60.4544388
6505,63.1713085
6510,65.9470915
6515,65.9470915
6520,65.9470915
6525,65.9470915
6530,65.9470915
6535,61.890275
6540,67.3335286
6545,63.204285
6550,56.4367194
6555,56.4367194
6560,65.9866128
6565,64.5851671
6570,64.5851671
6575,64.5851671
6580,64.5851671
6585,64.5851671
6590,64.5851671
6595,65.9255078
6600,65.9255078
6605,65.9255078
6610,65.9255078
6615,65.9255078
6620,65.9255078
6625,56.4874618
6630,71.428816
6635,59.1429134
6640,64.5530188
6645,64.5530188
6650,64.5530188
6655,64.5530188
6660,64.5530188
6665,64.5530188
6670,67.195704
6675,67.195704
6680,67.195704
6685,67.195704
6690,61.7263722
6695,61.7263722
6700,61.7263722
6705,64.5322835
6710,60.3999796
6715,60.3999796
6720,58.9631536
6725,80.7527118
6730,80.7527118
6735,80.7527118
6740,80.7527118
6745,80.7527118
6750,80.7527118
6755,64.4468375
6760,64.4468375
6765,64.4468375
6770,56.3031671
6775,56.3031671
6780,56.3031671
6785,56.3031671
6790,56.3031671
6795,56.3031671
6800,63.0344939
6805,68.5204402
6810,67.2240547
6815,76.5460416
6820,76.5460416
6825,76.5460416
6830,76.5460416
6835,76.5460416
6840,75.328729
6845,75.328729
6850,75.328729
6855,75.328729
6860,75.328729
6865,58.9440848
6870,58.9440848
6875,58.9440848
6880,58.9440848
6885,58.9440848
6890,58.9440848
6895,59.3615885
6900,59.3615885
6905,59.3615885
6910,59.3615885
6915,59.3615885
6920,63.0617437
6925,63.0617437
6930,63.0617437
6935,62.9807922
6940,73.8719858
6945,73.8719858
6950,73.8719858
6955,73.8719858
6960,73.8719858
6965,73.8719858
6970,60.2532367
6975,61.6629139
6980,68.5055528
6985,61.7322908
6990,76.6311644
6995,61.7131917
7000,61.7131917
7005,61.7131917
7010,61.5845682
7015,62.9676016
7020,62.9676016
7025,62.9676016
7030,62.9676016
7035,62.9676016
7040,67.1512438
7045,67.1512438
7050,64.4201735
7055,65.7440411
7060,65.7440411
7065,63.0270199
7070,55.3620592
7075,60.3340165
7080,60.3340165
7085,60.3340165
7090,60.3340165
7095,60.3340165
7100,60.3340165
7105,57.5502343
7110,60.7993033
7115,60.7993033
7120,60.7993033
7125,60.7993033
7130,60.7993033
7135,60.7993033
7140,62.9998408
7145,62.9998408
7150,77.9630817
7155,67.1447192
7160,68.4255911
7165,68.5740106
7170,59.2436609
7175,67.1150656
7180,63.0838122
7185,64.4110027
7190,61.783518
7195,63.115304
7200,67.4798271
7205,59.278415
7210,65.8364359
7215,68.5995737
7220,60.3934146
7225,65.7813101
7230,61.8204537
7235,74.0772178
7240,59.0653353
7245,63.1416852
7250,65.9404255
7255,83.5356052
7260,64.4779354
7265,64.4779354
7270,76.6913099
7275,76.6913099
7280,76.6913099
7285,76.6913099
7290,67.2775544
7295,67.2775544
7300,56.3326995
7305,56.3326995
7310,56.3326995
7315,56.3326995
7320,56.3326995
7325,56.3326995
7330,57.6979266
7335,57.6979266
7340,57.6979266
7345,57.6979266
7350,57.6979266
7355,57.6979266
7360,61.7553491
7365,68.6293485
7370,68.6293485
7375,68.6293485
7380,68.6293485
7385,68.6293485
7390,68.6293485
7395,66.0364664
7400,66.0364664
7405,66.0364664
7410,66.0364664
7415,66.0364664
7420,66.0364664
7425,54.85209
7430,64.6039733
7435,61.9390782
7440,64.5281728
7445,67.2618489
7450,57.8240352
7455,57.8240352
7460,68.5072496
7465,68.5072496
7470,68.5072496
7475,68.5072496
7480,67.3145204
7485,63.1745405
7490,63.1745405
7495,63.2390492
7500,63.1086885
7505,63.1753182
7510,63.1753182
7515,63.1753182
7520,60.3793958
7525,60.3793958
7530,60.3793958
7535,65.8792902
7540,65.8792902
7545,64.4969941
7550,59.0595783
7555,68.64566
7560,68.64566
7565,60.4057669
7570,60.4057669
7575,60.4057669
7580,60.4057669
7585,57.7474974
7590,57.7474974
7595,57.7474974
7600,57.7474974
7605,57.7474974
7610,57.7474974
7615,71.4638529
7620,71.4638529
7625,71.4638529
7630,71.4638529
7635,71.4638529
7640,71.4638529
7645,71.2836588
7650,63.3430893
7655,63.3430893
7660,63.3430893
7665,63.3430893
7670,71.3083533
7675,74.0196377
7680,74.0196377
7685,64.4878031
7690,64.4878031
7695,64.4878031
7700,71.4057476
7705,67.2115105
7710,67.2115105
7715,67.2115105
7720,67.2115105
7725,67.2115105
7730,67.2115105
7735,67.2115105
7740,63.0921649
7745,63.0921649
7750,63.0921649
7755,63.0921649
7760,63.0921649
7765,74.0508063
7770,74.0508063
7775,74.0508063
7780,60.4231591
7785,72.5438762
7790,72.5438762
7795,72.5438762
7800,72.5438762
7805,60.2746689
7810,69.9242796
7815,61.742815
7820,65.759787
7825,65.759787
7830,72.6288576
7835,63.0790349
7840,63.0790349
7845,63.0790349
7850,78.0034009
7855,78.0034009
7860,78.0034009
7865,57.7300951
7870,57.7202072
7875,63.1283128
7880,63.1283128
7885,63.1614711
7890,63.0228789
7895,64.4301624
7900,64.4301624
7905,75.3162858
7910,75.3162858
7915,75.3162858
7920,75.3162858
7925,75.3162858
7930,64.4993474
7935,63.0113245
7940,60.8251088
7945,61.7042229
7950,63.0097186
7955,65.7112262
7960,58.9837374
7965,75.2288097
7970,71.2235335
7975,67.1817357
7980,63.1193642
7985,59.3428328
7990,59.3428328
7995,69.8814152
8000,69.8814152
8005,69.8814152
8010,69.8814152
8015,69.8814152
8020,65.7441017
8025,58.9936455
8030,65.7217908
8035,65.7217908
8040,72.611526
8045,72.611526
8050,72.611526
8055,72.611526
8060,72.611526
8065,72.611526
8070,63.0797722
8075,63.0797722
8080,69.8451158
8085,69.8451158
8090,69.8451158
8095,69.8451158
8100,69.8451158
8105,69.8451158
8110,65.8133675
8115,63.0739849
8120,60.3323904
8125,58.9112093
8130,73.914123
8135,73.914123
8140,73.914123
8145,73.914123
8150,63.1102237
8155,63.1102237
8160,63.1102237
8165,63.1102237
8170,63.1102237
8175,63.1102237
8180,60.7885266
8185,64.8640079
8190,64.8640079
8195,64.8640079
8200,64.8640079
8205,69.8376317
8210,69.8376317
8215,69.8376317
8220,63.0682683
8225,72.6264235
8230,65.8084791
8235,65.8084791
8240,72.6947904
8245,78.159355
8250,78.159355
8255,64.7948431
8260,75.378926
8265,75.378926
8270,75.378926
8275,75.378926
8280,67.22055
8285,69.9853442
8290,63.0590571
8295,63.0590571
8300,74.0096185
8305,64.4069829
8310,69.8747795
8315,69.8747795
8320,78.1296004
8325,75.4241942
8330,78.0561633
8335,65.9280025
8340,65.9280025
8345,65.9280025
8350,65.9280025
8355,65.9280025
8360,65.9280025
8365,63.1300904
8370,63.1300904
8375,63.1300904
8380,63.1300904
8385,63.1300904
8390,63.1079108
8395,63.1079108
8400,63.1079108
8405,63.1079108
8410,63.1079108
8415,67.227216
8420,62.0696712
8425,62.0696712
8430,62.0696712
8435,64.3525136
8440,71.3297047
8445,71.3297047
8450,68.5683243
8455,68.5683243
8460,68.5683243
8465,67.2222771
8470,72.5808927
8475,64.4185676
8480,64.4185676
8485,64.4185676
8490,64.4185676
8495,64.4185676
8500,60.498091
8505,60.498091
8510,60.498091
8515,60.498091
8520,60.498091
8525,70.018351
8530,70.018351
8535,70.018351
8540,63.0724598
8545,63.0724598
8550,63.0724598
8555,63.0724598
8560,63.0724598
8565,63.0724598
8570,64.5424239
8575,64.5424239
8580,64.5424239
8585,83.5998917
8590,83.5998917
8595,72.6684294
8600,69.9629626
8605,69.9629626
8610,69.9629626
8615,69.9629626
8620,63.208325
8625,63.208325
8630,63.208325
8635,63.208325
8640,76.7085506
8645,65.857151
8650,65.857151
8655,65.857151
8660,59.1148859
8665,66.0684733
8670,59.2603158
8675,57.6714545
8680,57.6773428
8685,69.8706284
8690,69.8706284
8695,65.7474852
8700,71.3710743
8705,71.3710743
8710,74.0014375
8715,65.9164178
8720,65.9164178
8725,65.9164178
8730,65.9164178
8735,72.696467
8740,72.696467
8745,72.696467
8750,72.696467
8755,72.696467
8760,72.6659145
8765,72.6659145
8770,72.6659145
8775,67.2758374
8780,67.2758374
8785,67.2758374
8790,67.2758374
8795,67.2758374
8800,67.2758374
8805,67.2899673
8810,64.6147298
8815,68.6704555
8820,68.6704555
8825,65.9559694
8830,70.0722547
8835,64.6932573
8840,64.6932573
8845,64.6932573
8850,78.2409529
8855,81.0314415
8860,67.3880484
8865,57.8900993
8870,74.1547353
8875,72.7847814
8880,66.0047322
8885,67.4852508
8890,67.4852508
8895,64.6090334
8900,64.6090334
8905,64.6090334
8910,63.3460789
8915,63.3460789
8920,63.3460789
8925,79.6660528
8930,79.6660528
8935,79.6660528
8940,79.6660528
8945,79.6660528
8950,79.6660528
8955,67.286705
8960,67.286705
8965,67.286705
8970,67.3690604
8975,67.3690604
8980,78.123803
8985,75.4572717
8990,63.1829942
8995,63.1829942
9000,63.1829942
9005,63.1829942
9010,65.8117717
9015,67.2305591
9020,65.8719475
9025,71.3266747
9030,71.3266747
9035,71.3266747
9040,71.3266747
9045,71.3266747
9050,68.6242076
9055,64.603236
9060,57.6921191
9065,76.7432138
9070,65.8875116
9075,65.8875116
9080,69.9753048
9085,67.4987343
9090,67.4987343
9095,67.4987343
9100,67.4987343
9105,67.4987343
9110,68.6531643
9115,68.6531643
9120,68.6531643
9125,68.6531643
9130,68.6531643
9135,80.96463
9140,80.96463
9145,80.96463
9150,80.96463
9155,80.96463
9160,76.78929
9165,61.7619141
9170,72.4837105
9175,68.5401655
9180,68.5401655
9185,65.8512728
9190,65.8512728
9195,76.7268619
9200,76.7268619
9205,60.6781538
9210,75.3987119
9215,71.2400571
9220,68.5623552
9225,61.7733473
9230,64.301448
9235,78.1073804
9240,73.9996801
9245,68.6349237
9250,65.836446
9255,68.5252478
9260,68.5252478
9265,70.0463078
9270,61.8979005
9275,71.3051112
9280,68.6220159
9285,67.2980978
9290,67.2980978
9295,78.1709094
9300,78.1709094
9305,78.1709094
9310,63.2454627
9315,63.2454627
9320,63.2875393
9325,63.2875393
9330,63.2875393
9335,65.9275581
9340,61.8846392
9345,66.0483339
9350,66.0483339
9355,75.5975304
9360,70.1379047
9365,70.1379047
9370,70.1379047
9375,70.1379047
9380,70.1379047
9385,70.1379047
9390,66.1423548
9395,66.1423548
9400,66.1423548
9405,71.5550761
9410,75.3100339
9415,75.3100339
9420,75.3100339
9425,75.3100339
9430,75.3100339
9435,64.7599678
9440,64.7599678
9445,59.3894342
9450,71.7643784
9455,74.3461303
9460,74.3461303
9465,74.3461303
9470,63.5093959
9475,63.5093959
9480,90.6307542
9485,90.6307542
9490,90.6307542
9495,90.6307542
9500,90.6307542
9505,67.5570315
9510,75.6864306
9515,65.874826
9520,65.874826
9525,67.5602837
9530,67.5602837
9535,67.5602837
9540,67.5602837
9545,67.5602837
9550,67.5602837
9555,74.1160624
9560,76.8934109
9565,76.8934109
9570,71.4264122
9575,71.4264122
9580,71.4264122
9585,71.4264122
9590,71.4264122
9595,71.4264122
9600,67.4353063
9605,67.4353063
9610,67.3862607
9615,63.2282422
9620,74.0896711
9625,74.1547757
9630,63.2762778
9635,72.7004464
9640,67.2627478
9645,69.9523576
9650,78.1404276
9655,80.8713666
9660,80.8713666
9665,80.8713666
9670,80.8713666
9675,68.6975336
9680,68.6975336
9685,68.6975336
9690,71.3347648
9695,71.3347648
9700,71.3347648
9705,72.7583598
9710,72.7583598
9715,72.7583598
9720,72.7583598
9725,67.2685452
9730,79.4774555
9735,80.8616605
9740,76.769595
9745,72.9400285
9750,84.8578467
9755,88.9219049
9760,71.3547022
9765,75.4218712
9770,83.5215056
9775,67.2906339
9780,87.6472546
9785,74.2004681
9790,78.1643747
9795,80.8739118
9800,83.5769546
9805,64.8080539
9810,78.2368826
9815,78.1907357
9820,80.8507828
9825,75.4043679
9830,82.2190601
9835,84.9764712
9840,93.1696619
9845,72.7154954
9850,86.1965613
9855,79.5739408
9860,78.2112892
9865,87.7554761
9870,80.8483588
9875,74.0510184
9880,79.4173605
9885,80.8690436
9890,81.0001517
9895,78.0669905
9900,79.5310865
9905,82.2355736
9910,83.6279293
9915,66.0082571
9920,79.5351467
9925,83.595983
9930,80.9161904
9935,80.8928594
9940,76.7853712
9945,72.8640765
9950,86.430851
9955,70.0125435
9960,72.7326755
9965,76.7819675
9970,67.3693331
9975,69.980375
9980,78.2211165
9985,74.0970744
9990,82.3286855
9995,78.0728889
10000,71.4205845
10005,78.2458615
10010,79.5045538
10015,89.0536796
10020,74.1590177
10025,76.7670902
10030,83.5331812
10035,80.9045552
10040,87.5921288
10045,72.8465126
10050,79.5731631
10055,75.416902
10060,78.132893
10065,75.4390917
10070,82.2430274
10075,68.5740813
10080,75.5207805
10085,80.8665994
10090,85.0591498
10095,71.4082625
10100,79.5070485
10105,79.5070485
10110,70.0391065
10115,76.8595658
10120,76.8595658
10125,85.0105385
10130,80.8458944
10135,82.3208782
10140,82.3208782
10145,83.6451801
10150,75.514569
10155,75.514569
10160,80.8755884
10165,79.5492463
10170,74.2041748
10175,74.2041748
10180,83.6965184
10185,72.8043754
10190,70.118947
10195,82.3625508
10200,82.3625508
10205,82.4640659
10210,82.3987593
10215,82.3987593
10220,87.7883819
10225,74.1176279
10230,71.4378858
10235,75.6098827
10240,78.2813327
10245,87.9630614
10250,81.1469148
10255,85.1743908
10260,75.6584738
10265,89.2672138
10270,74.2767433
10275,79.7751934
10280,72.997447
10285,68.9534474
10290,85.2899348
10295,74.360846
10300,67.5818371
10305,77.1134192
10310,86.5009248
10315,90.6324611
10320,90.6902028
10325,77.0409719
10330,85.1275268
10335,91.9231704
10340,93.2808225
10345,83.8216473
10350,82.5316652
10355,81.1154735
10360,90.6554083
10365,79.6977668
10370,69.8776479
10375,74.2974483
10380,76.937053
10385,79.7239864
10390,72.8777418
10395,89.2755261
10400,86.5009955
10405,86.4695542
10410,87.8650308
10415,76.9254279
10420,75.6501312
10425,72.8843876
10430,71.3589139
10435,86.4754728
10440,76.9526373
10445,78.3382159
10450,89.2013618
10455,78.3085017
10460,78.3085017
10465,78.3085017
10470,78.3085017
10475,78.3085017
10480,78.3085017
10485,81.126331
10490,81.126331
10495,85.1670481
10500,85.1670481
10505,85.1670481
10510,85.1670481
10515,85.1670481
10520,85.1670481
10525,87.8081476
10530,87.8081476
10535,83.6618653
10540,83.6618653
10545,83.6618653
10550,83.6618653
10555,83.6618653
10560,79.625168
10565,79.625168
10570,83.702134
10575,83.702134
10580,83.702134
10585,79.5231176
10590,86.4467585
10595,90.4666494
10600,88.9654157
10605,88.9654157
10610,88.9654157
10615,88.9654157
10620,89.1452159
10625,89.1452159
10630,89.1452159
10635,89.1452159
10640,102.6688836
10645,102.6688836
10650,102.6688836
10655,102.6688836
10660,102.6688836
10665,102.6688836
10670,93.0994871
10675,93.0994871
10680,93.0994871
10685,93.0994871
10690,90.4534689
10695,85.0244765
10700,85.0244765
10705,85.0244765
10710,85.0244765
10715,93.162097
10720,85.033516
10725,85.033516
10730,91.7806089
10735,91.7806089
10740,91.7806089
10745,91.7806089
10750,85.0112657
10755,85.0112657
10760,85.0112657
10765,85.0112657
10770,85.0112657
10775,79.6498019
10780,87.7437803
10785,87.7437803
10790,87.7437803
10795,93.1366046
10800,93.1366046
10805,93.1366046
10810,93.1366046
10815,93.1366046
10820,93.1366046
10825,90.5160586
10830,86.4235083
10835,97.2516072
10840,80.9608122
10845,95.9278911
10850,95.9278911
10855,90.4288249
10860,90.4288249
10865,85.0615233
10870,90.5400158
10875,86.3261039
10880,86.3261039
10885,86.3261039
10890,86.3261039
10895,86.3261039
10900,86.3261039
10905,105.3843696
10910,105.3843696
10915,87.6695958
10920,87.6695958
10925,87.6695958
10930,87.6695958
10935,87.6695958
10940,84.9981155
10945,84.9981155
10950,84.9981155
10955,84.9981155
10960,84.9981155
10965,95.8396373
10970,87.6811603
10975,87.6811603
10980,86.3871685
10985,86.3871685
10990,86.3871685
10995,95.8562013
11000,95.8562013
11005,95.8562013
11010,95.8562013
11015,95.8562013
11020,85.0359602
11025,85.0359602
11030,99.9546904
11035,99.9546904
11040,99.9546904
11045,99.9546904
11050,108.0693435
11055,108.0693435
11060,101.2536716
11065,94.5326064
11070,94.5326064
11075,94.5326064
11080,100.0016453
11085,95.9550702
11090,95.9550702
11095,95.9550702
11100,95.9550702
11105,101.2676601
11110,95.8627461
11115,106.761949
11120,97.3483753
11125,98.6315904
11130,98.6315904
11135,97.1798063
11140,97.1798063
11145,97.1798063
11150,97.1798063
11155,91.826978
11160,91.826978
11165,91.826978
11170,99.8931107
11175,99.8931107
11180,94.5785109
11185,99.9781325
11190,99.9781325
11195,102.7327459
11200,102.7327459
11205,102.7327459
11210,91.8307958
11215,104.1045178
11220,98.6308632
11225,98.6308632
11230,98.6308632
11235,98.6308632
11240,98.6308632
11245,97.4685653
11250,97.4685653
11255,97.4685653
11260,97.4685653
11265,97.4685653
11270,97.3472239
11275,97.3472239
11280,97.3472239
11285,97.3472239
11290,100.061912
11295,100.061912
11300,100.061912
11305,116.3692811
11310,93.2044362
11315,93.2044362
11320,109.5152191
11325,109.5152191
11330,113.5091227
11335,101.4004953
11340,110.8877586
11345,99.9488324
11350,97.3177319
11355,106.7874919
11360,106.7874919
11365,106.7874919
11370,116.4000962
11375,116.4000962
11380,116.4000962
11385,104.0853682
11390,104.0853682
11395,104.0853682
11400,104.0853682
11405,104.0853682
11410,105.477532
11415,105.477532
11420,105.477532
11425,105.477532
11430,97.1964006
11435,94.6080534
11440,94.6080534
11445,94.6080534
11450,94.6080534
11455,97.4058847
11460,108.2837059
11465,108.2837059
11470,94.7377172
11475,105.5840264
11480,105.5840264
11485,105.5840264
11490,105.5840264
11495,105.5840264
11500,112.3435322
11505,112.3435322
11510,102.8522188
11515,102.8522188
11520,102.8522188
11525,97.3736455
11530,97.3736455
11535,97.3736455
11540,97.3736455
11545,97.3736455
11550,97.3736455
11555,102.7597836
11560,97.4841193
11565,108.2350845
11570,105.5954192
11575,105.4998328
11580,100.0545592
11585,100.0545592
11590,104.2932767
11595,104.2932767
11600,104.2932767
11605,104.2932767
11610,104.2932767
11615,104.2932767
11620,102.8355942
11625,102.8355942
11630,102.8355942
11635,109.6686381
11640,109.6686381
11645,92.0047885
11650,108.2160864
11655,98.7165617
11660,102.8925784
11665,100.1244916
11670,100.1244916
11675,100.1244916
11680,100.1244916
11685,100.1244916
11690,100.1244916
11695,104.1901052
11700,104.1901052
11705,104.1901052
11710,104.1901052
11715,104.1901052
11720,104.1901052
11725,97.0144087
11730,97.0144087
11735,101.5101611
11740,101.5101611
11745,101.5101611
11750,101.5101611
11755,106.7949356
11760,106.7949356
11765,123.2254439
11770,123.2254439
11775,123.2254439
11780,123.2254439
11785,123.2254439
11790,127.2813211
11795,97.3457089
11800,97.3457089
11805,97.3457089
11810,97.3457089
11815,97.3457089
11820,97.3457089
11825,98.8491848
11830,98.8491848
11835,98.8491848
11840,98.8491848
11845,98.8491848
11850,98.8491848
11855,104.2652896
11860,104.2652896
11865,104.2652896
11870,104.2652896
11875,104.2652896
11880,104.2652896
11885,119.3685266
11890,119.3685266
11895,119.3685266
11900,119.3685266
11905,119.3685266
11910,109.8022914
11915,109.8022914
11920,109.8022914
11925,109.8022914
11930,109.8022914
11935,109.8022914
11940,106.9762205
11945,106.9762205
11950,106.9762205
11955,116.6431729
11960,107.9328117
11965,134.2170113
11970,134.2170113
11975,134.2170113
11980,108.4807165
11985,107.1000061
11990,113.8735408
11995,102.9296454
12000,121.9774172
12005,108.3817466
12010,116.6184784
12015,113.7680463
12020,108.2581428
12025,114.9704715
12030,113.6624306
12035,124.5089115
12040,113.6112842
12045,108.1674145
12050,117.6595561
12055,121.7310378
12060,110.8620137
12065,116.3199527
12070,108.0488102
12075,119.0726067
12080,119.0726067
12085,110.8175535
12090,112.1480265
12095,117.6191359
12100,110.8835065
12105,110.8835065
12110,106.7832297
12115,110.8340266
12120,104.0506545
12125,104.0506545
12130,116.3547371
12135,101.3518537
12140,104.0963166
12145,104.0963166
12150,110.8109279
12155,110.9337843
12160,109.4765361
12165,109.4765361
12170,102.7795695
12175,117.7164292
12180,108.1204192
12185,127.0857548
12190,108.164233
12195,108.164233
12200,123.1472598
12205,124.4056996
12210,124.4056996
12215,124.4056996
12220,108.1657581
12225,108.0577588
12230,108.0577588
12235,108.0577588
12240,108.0577588
12245,123.0747014
12250,106.7917238
12255,106.6835225
12260,106.8187413
12265,108.1064509
12270,108.1064509
12275,104.0829139
12280,104.0829139
12285,108.0626573
12290,108.0626573
12295,108.0626573
12300,109.4418123
12305,109.5614266
12310,113.6155363
12315,114.9589878
12320,114.9589878
12325,127.129407
12330,116.2936826
12335,109.4425799
12340,125.8492522
12345,114.9878132
12350,104.0730563
12355,123.1404928
12360,123.1404928
12365,113.565915
12370,119.0378324
12375,108.2951694
12380,115.0001655
12385,100.0717797
12390,100.0717797
12395,100.0717797
12400,100.0717797
12405,100.0717797
12410,100.0717797
12415,112.2792255
12420,112.2792255
12425,112.2792255
12430,112.2792255
12435,112.2792255
12440,112.2792255
12445,113.6723791
12450,113.6723791
12455,121.857914
12460,121.857914
12465,115.0150832
12470,121.7737911
12475,121.7737911
12480,121.7737911
12485,108.1929675
12490,108.1929675
12495,113.662471
12500,113.662471
12505,113.662471
12510,113.662471
12515,121.7457838
12520,110.8901422
12525,110.8901422
12530,113.5932254
12535,113.5932254
12540,113.5932254
12545,113.5932254
12550,113.5932254
12555,113.5932254
12560,112.2684387
12565,112.2684387
12570,112.2684387
12575,112.2684387
12580,112.2684387
12585,102.6023246
12590,123.1093141
12595,123.1093141
12600,123.1093141
12605,123.1093141
12610,123.1093141
12615,123.1093141
12620,123.1093141
12625,116.2952582
12630,116.2952582
12635,121.7127568
12640,121.7127568
12645,121.7127568
12650,121.7127568
12655,116.2259722
12660,116.2259722
12665,116.2259722
12670,112.0853762
12675,117.5589803
12680,117.5589803
12685,110.6815065
12690,109.3355704
12695,106.712358
12700,106.712358
12705,106.712358
12710,106.712358
12715,106.712358
12720,106.8454255
12725,106.8454255
12730,116.164948
12735,105.3967926
12740,105.3967926
12745,102.6354021
12750,102.6354021
12755,113.6378876
12760,113.6378876
12765,104.0804697
12770,104.0804697
12775,104.0804697
12780,104.0804697
12785,104.0804697
12790,104.0804697
12795,119.0848075
12800,109.4780915
12805,113.6245354
12810,116.3860168
12815,112.3138685
12820,113.6979119
12825,130.112038
12830,106.8781596
12835,106.8781596
12840,106.8781596
12845,110.9197958
12850,112.3303719
12855,115.0011149
12860,115.0636844
12865,121.8447739
12870,120.5719416
12875,112.2569247
12880,110.9281081
12885,108.0943713
12890,131.4077872
12895,131.4077872
12900,117.8030771
12905,120.4653664
12910,119.0824946
12915,108.1937856
12920,108.2284892
12925,113.5989723
12930,124.5319294
12935,106.6961778
12940,125.9853699
12945,114.9778142
12950,115.0479789
12955,128.7114508
12960,128.7114508
12965,119.2515989
12970,115.0670578
12975,117.6966635
12980,120.471386
12985,116.5508993
12990,111.0070295
12995,112.3748624
13000,123.161925
13005,115.0192646
13010,113.6856303
13015,121.881851
13020,136.841062
13025,136.841062
13030,112.4160906
13035,104.2643301
13040,121.9288766
13045,123.2915888
13050,128.6850898
13055,109.6480442
13060,110.9890515
13065,113.7497956
13070,121.9295937
13075,124.6151433
13080,120.5851726
13085,120.5859099
13090,127.4304678
13095,116.6283663
13100,109.6389946
13105,112.4886995
13110,117.7873009
13115,115.1733603
13120,115.1733603
13125,111.0452075
13130,108.3521031
13135,107.1040966
13140,107.1040966
13145,113.8157082
13150,113.7778837
13155,126.0471314
13160,116.4511113
13165,115.1164468
13170,112.505819
13175,125.9647558
13180,118.7949779
13185,115.1816423
13190,115.1914595
13195,115.192318
13200,115.192318
13205,130.088808
13210,116.4330525
13215,111.028593
13220,109.6142294
13225,127.4181054
13230,115.1626341
13235,119.1764549
13240,123.3961137
13245,123.320394
13250,115.1420806
13255,105.5327285
13260,105.5327285
13265,105.5327285
13270,105.5327285
13275,112.4135252
13280,112.4135252
13285,115.1527361
13290,109.6374291
13295,109.6374291
13300,109.6374291
13305,119.2440441
13310,119.2440441
13315,127.3744128
13320,127.3744128
13325,113.8010026
13330,119.244943
13335,119.244943
13340,119.244943
13345,119.244943
13350,119.244943
13355,119.244943
13360,124.634101
13365,121.9165546
13370,116.4321435
13375,116.5293964
13380,116.5293964
13385,116.5293964
13390,116.5293964
13395,117.8260647
13400,121.9750134
13405,121.9750134
13410,121.9750134
13415,102.911526
13420,102.911526
13425,102.911526
13430,102.911526
13435,102.911526
13440,124.7017306
13445,112.4241908
13450,112.4241908
13455,113.7498562
13460,108.3380338
13465,113.8051234
13470,110.9653064
13475,117.8921288
13480,113.4301508
13485,116.5986521
13490,112.4383409
13495,112.4383409
13500,112.4383409
13505,120.6446212
13510,113.737514
13515,125.9218106
13520,116.5030758
13525,109.7115833
13530,119.3248643
13535,110.9817694
13540,107.0381032
13545,116.5302347
13550,115.1916009
13555,111.0344813
13560,109.6998673
13565,115.1528674
13570,123.3212222
13575,105.5962777
13580,121.9674889
13585,111.0665387
13590,105.5509792
13595,130.1010997
13600,121.9510764
13605,121.9510764
13610,121.9510764
13615,113.8233539
13620,113.8346861
13625,113.8346861
13630,119.159901
13635,125.9640084
13640,125.9640084
13645,125.9640084
13650,119.0617997
13655,119.0617997
13660,109.519552
13665,113.5330395
13670,113.5330395
13675,113.5330395
13680,113.5330395
13685,117.6447091
13690,108.1311555
13695,108.1311555
13700,113.5527749
13705,109.4402973
13710,108.0676568
13715,108.0676568
13720,124.3545936
13725,124.3545936
13730,124.3545936
13735,124.3545936
13740,124.3545936
13745,124.3545936
13750,124.3545936
13755,122.9996281
13760,122.9996281
13765,122.9996281
13770,122.9996281
13775,122.9996281
13780,122.9996281
13785,127.1254983
13790,132.5197366
13795,131.1736389
13800,131.1736389
13805,131.1736389
13810,131.1736389
13815,131.1736389
13820,112.2893053
13825,112.2893053
13830,112.2893053
13835,112.2893053
13840,125.8169928
13845,125.8169928
13850,125.8169928
13855,125.8169928
13860,131.017806
13865,131.017806
13870,131.017806
13875,131.017806
13880,131.017806
13885,131.017806
13890,133.8096581
13895,133.8096581
13900,133.8096581
13905,133.8096581
13910,133.8096581
13915,133.8096581
13920,114.7775413
13925,120.2222493
13930,120.2222493
13935,117.5714437
13940,140.632703
13945,129.7910499
13950,129.7910499
13955,128.4419626
13960,128.4419626
13965,128.4419626
13970,128.4419626
13975,128.4419626
13980,128.4419626
13985,121.6517629
13990,121.6517629
13995,121.6517629
14000,120.3311475
14005,120.3311475
14010,120.3311475
14015,127.0412441
14020,129.8347829
14025,122.9254133
14030,124.4000335
14035,122.9509865
14040,124.3027099
14045,121.7103126
14050,137.9553647
14055,136.6958644
14060,128.568758
14065,146.135991
14070,133.9258788
14075,135.307579
14080,127.096582
14085,142.1768011
14090,129.7712943
14095,121.6987683
14100,129.8794552
14105,131.1479041
14110,124.4270409
14115,125.7742294
14120,129.8643759
14125,131.2148267
14130,131.2148267
14135,131.2148267
14140,131.2148267
14145,131.2148267
14150,131.2148267
14155,131.1413694
14160,131.1027066
14165,131.1027066
14170,131.1027066
14175,131.1027066
14180,131.1027066
14185,131.1027066
14190,143.4288476
14195,127.1170749
14200,146.150737
14205,146.150737
14210,146.150737
14215,146.150737
14220,146.150737
14225,140.6607406
14230,140.6607406
14235,116.2094688
14240,132.5791347
14245,132.5791347
14250,132.5791347
14255,132.5791347
14260,132.5791347
14265,142.0043739
14270,142.0043739
14275,140.5888791
14280,118.8268939
14285,125.6315972
14290,125.6315972
14295,125.7815216
14300,125.7815216
14305,125.7815216
14310,131.2329562
14315,131.2329562
14320,131.2329562
14325,131.2329562
14330,131.2329562
14335,131.2329562
14340,135.2250519
14345,135.2250519
14350,128.3866146
14355,128.3866146
14360,128.3866146
14365,128.3866146
14370,128.3866146
14375,128.3866146
14380,129.7398732
14385,129.7398732
14390,129.7398732
14395,129.7398732
14400,129.7398732
14405,138.0355183
14410,138.0355183
14415,138.0355183
14420,138.0355183
14425,138.0355183
14430,138.0355183
14435,125.7313751
14440,125.7313751
14445,125.7313751
14450,125.7313751
14455,125.7313751
